team,primary_color,secondary_color,logo_url,logo_file
Abilene Christian Wildcats,,,https://content.sportslogos.net/logos/30/5071/full/9623_abilene_christian__wildcats-primary-1997.png,abilene_christian_wildcats.png
Air Force Falcons,,,https://content.sportslogos.net/logos/30/595/full/air_force_falcons_logo_primary_1956sportslogosnet8968.png,air_force_falcons.png
Akron Zips,,,https://content.sportslogos.net/logos/30/596/full/akron_zips_logo_primary_2021_sportslogosnet-6013.png,akron_zips.png
Alabama A&M Bulldogs,,,https://content.sportslogos.net/logos/30/598/full/alabama-a&m-bulldogs-logo-primary-dark-2023-59887032023.png,alabama_a&m_bulldogs.png
Alabama Crimson Tide,#9E1B32,#FFFFFF,https://a.espncdn.com/i/teamlogos/ncaa/500/333.png,alabama_crimson_tide.png
Alabama State Hornets,,,https://content.sportslogos.net/logos/30/599/full/alabama_state_hornets_logo_primary_dark_2001_sportslogosnet-1666.png,alabama_state_hornets.png
Alcorn State Braves,,,https://content.sportslogos.net/logos/30/600/full/3087_alcorn_state_braves-primary-2017.png,alcorn_state_braves.png
American University Eagles,,,https://content.sportslogos.net/logos/30/601/full/american_eagles_logo_secondary_20062650.png,american_university_eagles.png
App State Mountaineers,,,https://content.sportslogos.net/logos/30/602/full/appalachian_state_mountaineers_logo_primary_1976_sportslogosnet-4768.png,app_state_mountaineers.png
Arizona State Sun Devils,,,https://content.sportslogos.net/logos/30/604/full/arizona_state_sun_devils_logo_primary_19678515.png,arizona_state_sun_devils.png
Arizona Wildcats,#003366,#CC0033,https://content.sportslogos.net/logos/30/603/full/arizona_wildcats_logo_secondary_19903878.png,arizona_wildcats.png
Arkansas Razorbacks,,,https://content.sportslogos.net/logos/30/606/full/arkansas_razorbacks_logo_secondary_19656836.png,arkansas_razorbacks.png
Arkansas State Red Wolves,,,https://content.sportslogos.net/logos/30/605/full/arkansas_state_red_wolves_logo_alternate_20086152.png,arkansas_state_red_wolves.png
Arkansas-Pine Bluff Golden Lions,,,https://content.sportslogos.net/logos/30/608/full/arkansas-pb_golden_lions_logo_primary_20143758.png,arkansas-pine_bluff_golden_lions.png
Army Black Knights,,,https://content.sportslogos.net/logos/30/609/full/army_black_knights_logo_primary_19755680.png,army_black_knights.png
Auburn Tigers,#0C2340,#F26522,https://a.espncdn.com/i/teamlogos/ncaa/500/2.png,auburn_tigers.png
Austin Peay Governors,,,https://content.sportslogos.net/logos/30/611/full/austin_peay_governors_logo_primary_2019sportslogosnet9922.png,austin_peay_governors.png
BYU Cougars,,,https://content.sportslogos.net/logos/30/622/full/brigham_young_cougars_logo_secondary_2005_sportslogosnet-1810.png,byu_cougars.png
Ball State Cardinals,,,https://content.sportslogos.net/logos/30/612/full/ball_state_cardinals_logo_alternate_1965_sportslogosnet-4834.png,ball_state_cardinals.png
Baylor Bears,#154734,#FFB81C,https://a.espncdn.com/i/teamlogos/ncaa/500/239.png,baylor_bears.png
Bellarmine Knights,,,https://content.sportslogos.net/logos/30/6811/full/bellarmine_knights_logo_primary_2020_sportslogosnet-9378.png,bellarmine_knights.png
Belmont Bruins,,,https://content.sportslogos.net/logos/30/614/full/belmont_bruins_logo_secondary_20038216.png,belmont_bruins.png
Bethune-Cookman Wildcats,,,https://content.sportslogos.net/logos/30/615/full/bethune-cookman_wildcats_logo_alternate_1996sportslogosnet9244.png,bethune-cookman_wildcats.png
Binghamton Bearcats,,,https://content.sportslogos.net/logos/30/855/full/binghamton_bearcats_logo_secondary_2014_sportslogosnet-8545.png,binghamton_bearcats.png
Boise State Broncos,,,https://content.sportslogos.net/logos/30/617/full/boise_state_broncos_logo_primary_19833895.png,boise_state_broncos.png
Boston College Eagles,,,https://content.sportslogos.net/logos/30/618/full/boston_college_eagles_logo_primary_19772820.png,boston_college_eagles.png
Boston University Terriers,,,https://content.sportslogos.net/logos/30/619/full/boston_university_terriers_logo_secondary_2015_sportslogosnet-1868.png,boston_university_terriers.png
Bowling Green Falcons,,,https://content.sportslogos.net/logos/30/620/full/bowling_green_falcons_logo_secondary_2011_sportslogosnet-5912.png,bowling_green_falcons.png
Bradley Braves,,,https://content.sportslogos.net/logos/30/621/full/bradley_braves_logo_wordmark_2024sportslogosnet3457.png,bradley_braves.png
Brown Bears,,,https://content.sportslogos.net/logos/30/623/full/brown_bears_logo_primary_1978_sportslogosnet-4401.png,brown_bears.png
Bryant Bulldogs,,,https://1000logos.net/wp-content/uploads/2022/05/Bryant-Bulldogs-Logo-1994-1536x864.png,bryant_bulldogs.png
Bucknell Bison,,,https://content.sportslogos.net/logos/30/624/full/bucknell_bison_logo_alternate_2011_sportslogosnet-5220.png,bucknell_bison.png
Buffalo Bulls,,,https://content.sportslogos.net/logos/30/819/full/7292_buffalo_bulls-secondary-2016.png,buffalo_bulls.png
Butler Bulldogs,,,https://content.sportslogos.net/logos/30/625/thumbs/6824.gif,butler_bulldogs.png
Cal Poly Mustangs,,,https://content.sportslogos.net/logos/30/626/full/cal_poly_mustangs_logo_secondary_2016_sportslogosnet-9176.png,cal_poly_mustangs.png
Cal State Bakersfield Roadrunners,,,https://content.sportslogos.net/logos/30/5046/full/csu_bakersfield_roadrunners_logo_primary_2019_sportslogosnet-2989.png,cal_state_bakersfield_roadrunners.png
Cal State Fullerton Titans,,,https://content.sportslogos.net/logos/30/627/full/cal_state_fullerton_titans_logo_primary_2020_sportslogosnet-7502.png,cal_state_fullerton_titans.png
Cal State Northridge Matadors,,,https://content.sportslogos.net/logos/30/628/full/cal_state_northridge_matadors_logo_primary_2023sportslogosnet9394.png,cal_state_northridge_matadors.png
California Baptist Lancers,,,https://content.sportslogos.net/logos/30/6812/full/california_baptist_lancers_logo_primary_2017_sportslogosnet-5309.png,california_baptist_lancers.png
California Golden Bears,,,https://content.sportslogos.net/logos/30/630/full/california_golden_bears_logo_primary_20132683.png,california_golden_bears.png
Campbell Fighting Camels,,,https://content.sportslogos.net/logos/30/631/thumbs/63127392008.gif,campbell_fighting_camels.png
Canisius Golden Griffins,,,https://content.sportslogos.net/logos/30/632/thumbs/canisius_golden_griffins_logo_primary_2013sportslogosnet1350.gif,canisius_golden_griffins.png
Central Arkansas Bears,,,https://content.sportslogos.net/logos/30/5028/full/central_arkansas_bears_logo_secondary_20097336.png,central_arkansas_bears.png
Central Connecticut Blue Devils,,,https://content.sportslogos.net/logos/30/634/full/central_connecticut_blue_devils_logo_secondary_20116391.png,central_connecticut_blue_devils.png
Central Michigan Chippewas,,,https://content.sportslogos.net/logos/30/636/thumbs/6843.gif,central_michigan_chippewas.png
Charleston Cougars,,,https://content.sportslogos.net/logos/30/637/full/college_of_charleston_cougars_logo_primary_20088814.png,charleston_cougars.png
Charleston Southern Buccaneers,,,https://content.sportslogos.net/logos/30/638/full/csu_buccaneers_logo_secondary_2019_sportslogosnet-4825.png,charleston_southern_buccaneers.png
Charlotte 49ers,,,https://content.sportslogos.net/logos/30/639/full/charlotte_49ers_logo_alternate_20202354.png,charlotte_49ers.png
Chattanooga Mocs,,,https://content.sportslogos.net/logos/30/640/full/chattanooga_mocs_logo_alternate_20011495.png,chattanooga_mocs.png
Chicago State Cougars,,,https://content.sportslogos.net/logos/30/641/full/chicago_state_cougars_logo_primary_2009sportslogosnet7817.png,chicago_state_cougars.png
Cincinnati Bearcats,,,https://content.sportslogos.net/logos/30/642/full/cincinnati_bearcats_logo_primary_20054199.png,cincinnati_bearcats.png
Clemson Tigers,,,https://content.sportslogos.net/logos/30/643/full/1443_clemson_tigers-secondary-1976.png,clemson_tigers.png
Cleveland State Vikings,,,https://content.sportslogos.net/logos/30/644/full/cleveland_state_vikings_logo_secondary_2007_sportslogosnet-6983.png,cleveland_state_vikings.png
Coastal Carolina Chanticleers,,,https://content.sportslogos.net/logos/30/645/full/coastal_carolina_chanticleers_logo_alternate_20023880.png,coastal_carolina_chanticleers.png
Colgate Raiders,,,https://content.sportslogos.net/logos/30/646/full/colgate_raiders_logo_secondary_20208486.png,colgate_raiders.png
Colorado Buffaloes,,,https://content.sportslogos.net/logos/30/647/full/colorado_buffaloes_logo_primary_20053130.png,colorado_buffaloes.png
Colorado State Rams,,,https://content.sportslogos.net/logos/30/648/full/colorado_state_rams_logo_primary_2021_sportslogosnet-4842.png,colorado_state_rams.png
Columbia Lions,,,https://content.sportslogos.net/logos/30/649/full/columbia-lions-alternate-logo-1997-8442.png,columbia_lions.png
Coppin State Eagles,,,https://content.sportslogos.net/logos/30/650/full/coppin_state_eagles_logo_primary_2017sportslogosnet2751.png,coppin_state_eagles.png
Cornell Big Red,,,https://content.sportslogos.net/logos/30/651/full/3971_cornell_big_red-primary-2002.png,cornell_big_red.png
Creighton Bluejays,,,https://content.sportslogos.net/logos/30/652/full/creighton_bluejays_logo_primary_20135465.png,creighton_bluejays.png
Dartmouth Big Green,,,https://content.sportslogos.net/logos/31/653/full/dartmouth_big_green_logo_secondary_2019_sportslogosnet-1259.png,dartmouth_big_green.png
Davidson Wildcats,,,https://content.sportslogos.net/logos/31/654/full/davidson_wildcats_logo_alternate_19899085.png,davidson_wildcats.png
Dayton Flyers,,,https://content.sportslogos.net/logos/31/655/full/dayton_flyers_logo_alternate_20143901.png,dayton_flyers.png
DePaul Blue Demons,,,https://content.sportslogos.net/logos/31/656/full/depaul_blue_demons_logo_alternate_19793733.png,depaul_blue_demons.png
Delaware Blue Hens,,,https://content.sportslogos.net/logos/31/657/full/delaware_blue_hens_logo_primary_2018_sportslogosnet-4231.png,delaware_blue_hens.png
Delaware State Hornets,,,https://content.sportslogos.net/logos/31/658/full/delaware_state_hornets_logo_primary_2023sportslogosnet1655.png,delaware_state_hornets.png
Denver Pioneers,,,https://content.sportslogos.net/logos/31/659/full/denver_pioneers_logo_primary_2022_sportslogosnet-9520.png,denver_pioneers.png
Detroit Mercy Titans,,,https://content.sportslogos.net/logos/31/660/full/detroit_titans_logo_alternate_20165551.png,detroit_mercy_titans.png
Drake Bulldogs,,,https://content.sportslogos.net/logos/31/661/full/drake_bulldogs_logo_secondary_20051239.png,drake_bulldogs.png
Drexel Dragons,,,https://content.sportslogos.net/logos/31/662/thumbs/66285892012.gif,drexel_dragons.png
Duke Blue Devils,#003087,#FFFFFF,https://content.sportslogos.net/logos/31/663/full/duke_blue_devils_logo_alternate_19812075.png,duke_blue_devils.png
Duquesne Dukes,,,https://content.sportslogos.net/logos/31/664/full/duquesne_dukes_logo_primary_1975_sportslogosnet-6823.png,duquesne_dukes.png
East Carolina Pirates,,,https://content.sportslogos.net/logos/31/665/full/east_carolina_pirates_logo_alternate_20099869.png,east_carolina_pirates.png
East Tennessee State Buccaneers,,,https://content.sportslogos.net/logos/31/666/full/4978_etsu_buccaneers-primary-2014.png,east_tennessee_state_buccaneers.png
East Texas A&M Lions,,,https://content.sportslogos.net/logos/30/6863/full/a&m-commerce_lions_logo_primary_2013_sportslogosnet-6740.png,east_texas_a&m_lions.png
Eastern Illinois Panthers,,,https://content.sportslogos.net/logos/31/667/full/eastern_illinois_panthers_logo_primary_1984_sportslogosnet-8134.png,eastern_illinois_panthers.png
Eastern Kentucky Colonels,,,https://content.sportslogos.net/logos/31/668/full/eastern_kentucky_colonels_logo_mascot_20041659.png,eastern_kentucky_colonels.png
Eastern Michigan Eagles,,,https://content.sportslogos.net/logos/31/669/full/6877.png,eastern_michigan_eagles.png
Eastern Washington Eagles,,,https://content.sportslogos.net/logos/31/670/full/eastern_washington_eagles_logo_primary_2023sportslogosnet6534.png,eastern_washington_eagles.png
Elon Phoenix,,,https://content.sportslogos.net/logos/31/671/full/3734_elon_phoenix-partial-2016.png,elon_phoenix.png
Evansville Purple Aces,,,https://content.sportslogos.net/logos/31/672/full/9006_evansville_purple_aces-alternate-2019.png,evansville_purple_aces.png
Fairfield Stags,,,https://content.sportslogos.net/logos/31/673/full/2475.png,fairfield_stags.png
Fairleigh Dickinson Knights,,,https://content.sportslogos.net/logos/31/674/full/fairleigh_dickinson_knights_logo_alternate_20192542.png,fairleigh_dickinson_knights.png
Florida A&M Rattlers,,,https://content.sportslogos.net/logos/31/676/thumbs/67659350.gif,florida_a&m_rattlers.png
Florida Atlantic Owls,,,https://content.sportslogos.net/logos/31/677/thumbs/67793322023.gif,florida_atlantic_owls.png
Florida Gators,,,https://content.sportslogos.net/logos/31/675/thumbs/67570762013.gif,florida_gators.png
Florida Gulf Coast Eagles,,,https://content.sportslogos.net/logos/31/4946/thumbs/494664472023.gif,florida_gulf_coast_eagles.png
Florida International Panthers,,,https://content.sportslogos.net/logos/31/678/full/fiu_panthers_logo_secondary_1987_sportslogosnet-4199.png,florida_international_panthers.png
Florida State Seminoles,,,https://content.sportslogos.net/logos/31/679/thumbs/67959842014.gif,florida_state_seminoles.png
Fordham Rams,,,https://content.sportslogos.net/logos/31/680/thumbs/68090482009.gif,fordham_rams.png
Fresno State Bulldogs,,,https://content.sportslogos.net/logos/31/681/thumbs/68182932020.gif,fresno_state_bulldogs.png
Furman Paladins,,,https://content.sportslogos.net/logos/31/682/full/7756_furman_paladins-primary-2013.png,furman_paladins.png
Gardner-Webb Runnin' Bulldogs,,,https://content.sportslogos.net/logos/31/683/full/gardner-webb_bulldogs_logo_primary_19939280.png,gardner-webb_runnin'_bulldogs.png
George Mason Patriots,,,https://content.sportslogos.net/logos/31/684/full/george_mason_patriots_logo_secondary_2024sportslogosnet8550.png,george_mason_patriots.png
George Washington Revolutionaries,,,https://content.sportslogos.net/logos/31/685/thumbs/68522521967.gif,george_washington_revolutionaries.png
Georgetown Hoyas,,,https://content.sportslogos.net/logos/31/686/full/5666_georgetown_hoyas-alternate-1996.png,georgetown_hoyas.png
Georgia Bulldogs,,,https://content.sportslogos.net/logos/31/687/full/georgia_bulldogs_logo_secondary_20139792.png,georgia_bulldogs.png
Georgia Southern Eagles,,,https://content.sportslogos.net/logos/31/688/thumbs/georgia_southern_eagles_logo_primary_1982sportslogosnet8634.gif,georgia_southern_eagles.png
Georgia State Panthers,,,https://content.sportslogos.net/logos/31/689/thumbs/pftyypsip19waca1clyxh1al5.gif,georgia_state_panthers.png
Georgia Tech Yellow Jackets,,,https://content.sportslogos.net/logos/31/690/thumbs/69044542021.gif,georgia_tech_yellow_jackets.png
Gonzaga Bulldogs,#041E42,#C8102E,https://a.espncdn.com/i/teamlogos/ncaa/500/2250.png,gonzaga_bulldogs.png
Grambling Tigers,,,https://content.sportslogos.net/logos/31/692/full/7469_grambling_state_tigers-alternate-1994.png,grambling_tigers.png
Grand Canyon Lopes,,,https://content.sportslogos.net/logos/31/5050/full/grand_canyon_antelopes_logo_secondary_1996_sportslogosnet-6927.png,grand_canyon_lopes.png
Green Bay Phoenix,,,https://content.sportslogos.net/logos/35/891/thumbs/89129022007.gif,green_bay_phoenix.png
Hampton Pirates,,,https://content.sportslogos.net/logos/31/693/thumbs/hampton-pirates-secondary-logo-2012-2365-thumb.png,hampton_pirates.png
Harvard Crimson,,,https://content.sportslogos.net/logos/31/695/full/harvard_crimson_logo_primary_2020_sportslogosnet-6060.png,harvard_crimson.png
Hawai'i Rainbow Warriors,,,https://content.sportslogos.net/logos/31/696/full/hawaii_warriors_logo_primary_19823834.png,hawai'i_rainbow_warriors.png
High Point Panthers,,,https://content.sportslogos.net/logos/31/697/thumbs/69756152012.gif,high_point_panthers.png
Hofstra Pride,,,https://content.sportslogos.net/logos/31/698/thumbs/bpthoffc0xa5fhthxnfxbje0d.gif,hofstra_pride.png
Holy Cross Crusaders,,,https://content.sportslogos.net/logos/31/699/full/1423_holy_cross_crusaders-primary-1966.png,holy_cross_crusaders.png
Houston Christian Huskies,,,https://content.sportslogos.net/logos/31/6867/thumbs/686757342023.gif,houston_christian_huskies.png
Houston Cougars,#C8102E,#FFFFFF,https://content.sportslogos.net/logos/31/700/thumbs/70032531996.gif,houston_cougars.png
Howard Bison,,,https://content.sportslogos.net/logos/31/701/thumbs/70120682015.gif,howard_bison.png
IU Indianapolis Jaguars,,,https://content.sportslogos.net/logos/32/703/full/iupui_jaguars_logo_primary_1972_sportslogosnet-9397.png,iu_indianapolis_jaguars.png
Idaho State Bengals,,,https://content.sportslogos.net/logos/32/705/thumbs/70542002019.gif,idaho_state_bengals.png
Idaho Vandals,,,https://content.sportslogos.net/logos/32/704/full/idaho_vandals_logo_primary_19671675.png,idaho_vandals.png
Illinois Fighting Illini,,,https://content.sportslogos.net/logos/32/706/thumbs/2495.gif,illinois_fighting_illini.png
Illinois State Redbirds,,,https://content.sportslogos.net/logos/32/707/thumbs/5l5bieqet3144zaiwte9.gif,illinois_state_redbirds.png
Incarnate Word Cardinals,,,https://content.sportslogos.net/logos/32/5075/thumbs/507516172011.gif,incarnate_word_cardinals.png
Indiana Hoosiers,,,https://content.sportslogos.net/logos/32/709/thumbs/indiana-hoosiers-logo-primary-1979-4292-thumb.png,indiana_hoosiers.png
Indiana State Sycamores,,,https://content.sportslogos.net/logos/32/710/thumbs/71026002011.gif,indiana_state_sycamores.png
Iona Gaels,,,https://content.sportslogos.net/logos/32/711/thumbs/71185382016.gif,iona_gaels.png
Iowa Hawkeyes,,,https://content.sportslogos.net/logos/32/712/thumbs/71289231979.gif,iowa_hawkeyes.png
Iowa State Cyclones,,,https://content.sportslogos.net/logos/32/713/thumbs/iowa-state-cyclones-logo-primary-1995-6936-thumb.png,iowa_state_cyclones.png
Jackson State Tigers,,,https://content.sportslogos.net/logos/32/714/thumbs/71471772007.gif,jackson_state_tigers.png
Jacksonville Dolphins,,,https://content.sportslogos.net/logos/32/715/thumbs/5522.gif,jacksonville_dolphins.png
Jacksonville State Gamecocks,,,https://content.sportslogos.net/logos/32/716/thumbs/71661291956.gif,jacksonville_state_gamecocks.png
James Madison Dukes,,,https://content.sportslogos.net/logos/32/717/thumbs/71741722017.gif,james_madison_dukes.png
Kansas City Roos,,,https://content.sportslogos.net/logos/35/886/thumbs/pfwwcnjdr1on7ffgmpro.gif,kansas_city_roos.png
Kansas Jayhawks,#0051BA,#E8000D,https://a.espncdn.com/i/teamlogos/ncaa/500/2305.png,kansas_jayhawks.png
Kansas State Wildcats,,,https://content.sportslogos.net/logos/32/719/thumbs/71944342019.gif,kansas_state_wildcats.png
Kennesaw State Owls,,,https://content.sportslogos.net/logos/32/4949/thumbs/494943922012.gif,kennesaw_state_owls.png
Kent State Golden Flashes,,,https://content.sportslogos.net/logos/32/720/thumbs/72041732017.gif,kent_state_golden_flashes.png
Kentucky Wildcats,,,https://content.sportslogos.net/logos/32/721/thumbs/2510.gif,kentucky_wildcats.png
LSU Tigers,,,https://content.sportslogos.net/logos/32/723/thumbs/2513.gif,lsu_tigers.png
La Salle Explorers,,,https://content.sportslogos.net/logos/32/724/thumbs/72478692004.gif,la_salle_explorers.png
Lafayette Leopards,,,https://content.sportslogos.net/logos/32/725/thumbs/c9p6tut1vg08hos41cworkegc.gif,lafayette_leopards.png
Lamar Cardinals,,,https://content.sportslogos.net/logos/32/726/thumbs/g9z0km43stc4gp32g0o5dgpa4.gif,lamar_cardinals.png
Le Moyne Dolphins,,,https://content.sportslogos.net/logos/32/6865/thumbs/686524252018.gif,le_moyne_dolphins.png
Lehigh Mountain Hawks,,,https://content.sportslogos.net/logos/32/727/thumbs/6915.gif,lehigh_mountain_hawks.png
Liberty Flames,,,https://content.sportslogos.net/logos/32/728/thumbs/72862172013.gif,liberty_flames.png
Lipscomb Bisons,,,https://content.sportslogos.net/logos/32/729/thumbs/lipscomb_bisons_logo_primary_2014sportslogosnet5511.gif,lipscomb_bisons.png
Little Rock Trojans,,,https://content.sportslogos.net/logos/30/607/thumbs/arkansas-little_rock_trojans_logo_primary_1994sportslogosnet1843.gif,little_rock_trojans.png
Long Beach State Beach,,,https://content.sportslogos.net/logos/32/730/thumbs/73086541992.gif,long_beach_state_beach.png
Long Island University Sharks,,,https://content.sportslogos.net/logos/32/6705/thumbs/670545102019.gif,long_island_university_sharks.png
Longwood Lancers,,,https://content.sportslogos.net/logos/32/2609/thumbs/260920022014.gif,longwood_lancers.png
Louisiana Ragin' Cajuns,,,https://content.sportslogos.net/logos/32/732/thumbs/73219372000.gif,louisiana_ragin'_cajuns.png
Louisiana Tech Bulldogs,,,https://content.sportslogos.net/logos/32/731/full/r0hn0h8jld48ofnxfqmje7ut1.png,louisiana_tech_bulldogs.png
Louisville Cardinals,,,https://content.sportslogos.net/logos/32/734/thumbs/2844.gif,louisville_cardinals.png
Loyola Chicago Ramblers,,,https://content.sportslogos.net/logos/32/735/thumbs/73557852019.gif,loyola_chicago_ramblers.png
Loyola Maryland Greyhounds,,,https://content.sportslogos.net/logos/32/736/thumbs/73670262011.gif,loyola_maryland_greyhounds.png
Loyola Marymount Lions,,,https://content.sportslogos.net/logos/32/737/thumbs/73792692019.gif,loyola_marymount_lions.png
Maine Black Bears,,,https://content.sportslogos.net/logos/32/738/thumbs/blkfbg8zghmh0m8i7v9lrl5c6.gif,maine_black_bears.png
Manhattan Jaspers,,,https://content.sportslogos.net/logos/32/739/thumbs/73919992012.gif,manhattan_jaspers.png
Marist Red Foxes,,,https://content.sportslogos.net/logos/32/740/thumbs/74028132008.gif,marist_red_foxes.png
Marquette Golden Eagles,,,https://content.sportslogos.net/logos/32/741/thumbs/lk47sf36h6g3y141mktt.gif,marquette_golden_eagles.png
Marshall Thundering Herd,,,https://content.sportslogos.net/logos/32/742/thumbs/74222742015.gif,marshall_thundering_herd.png
Maryland Eastern Shore Hawks,,,https://content.sportslogos.net/logos/32/744/full/2486_maryland-eastern_shore_hawks-primary-2007.png,maryland_eastern_shore_hawks.png
Maryland Terrapins,,,https://content.sportslogos.net/logos/32/743/thumbs/74352692006.gif,maryland_terrapins.png
Massachusetts Minutemen,,,https://content.sportslogos.net/logos/32/887/thumbs/a0jf0v3gc88fdehf5kf3.gif,massachusetts_minutemen.png
McNeese Cowboys,,,https://content.sportslogos.net/logos/32/745/full/mcneese_state_cowboys_logo_primary_20113800.png,mcneese_cowboys.png
Memphis Tigers,,,https://content.sportslogos.net/logos/32/746/thumbs/pep4eclqlq0phflhok70y3u41.gif,memphis_tigers.png
Mercer Bears,,,https://content.sportslogos.net/logos/32/747/thumbs/2533.gif,mercer_bears.png
Mercyhurst Lakers,,,https://content.sportslogos.net/logos/32/5328/thumbs/532828222018.gif,mercyhurst_lakers.png
Merrimack Warriors,,,https://content.sportslogos.net/logos/32/5022/thumbs/merrimack_warriors_logo_primary_2006sportslogosnet1135.gif,merrimack_warriors.png
Miami (OH) RedHawks,,,https://content.sportslogos.net/logos/32/749/thumbs/74965742014.gif,miami_(oh)_redhawks.png
Miami Hurricanes,,,https://content.sportslogos.net/logos/32/748/thumbs/74813422019.gif,miami_hurricanes.png
Michigan State Spartans,,,https://content.sportslogos.net/logos/32/751/thumbs/4e0j4u356q2hq5gcg7sglvwuk.gif,michigan_state_spartans.png
Michigan Wolverines,,,https://content.sportslogos.net/logos/32/750/thumbs/75013591901.gif,michigan_wolverines.png
Middle Tennessee Blue Raiders,,,https://content.sportslogos.net/logos/32/752/thumbs/75282132019.gif,middle_tennessee_blue_raiders.png
Milwaukee Panthers,,,https://content.sportslogos.net/logos/35/915/thumbs/2541.gif,milwaukee_panthers.png
Minnesota Golden Gophers,,,https://content.sportslogos.net/logos/32/753/full/r8cdw98hpgz0sevha7ejthble.png,minnesota_golden_gophers.png
Mississippi State Bulldogs,,,https://content.sportslogos.net/logos/32/755/thumbs/75513662024.gif,mississippi_state_bulldogs.png
Mississippi Valley State Delta Devils,,,https://content.sportslogos.net/logos/32/756/thumbs/75624982002.gif,mississippi_valley_state_delta_devils.png
Missouri State Bears,,,https://content.sportslogos.net/logos/32/4974/thumbs/497490162006.gif,missouri_state_bears.png
Missouri Tigers,,,https://content.sportslogos.net/logos/32/757/thumbs/75746882018.gif,missouri_tigers.png
Monmouth Hawks,,,https://a.espncdn.com/combiner/i?img=/i/teamlogos/ncaa/500/2405.png,monmouth_hawks.png
Montana Grizzlies,,,https://content.sportslogos.net/logos/32/759/thumbs/75974091996.gif,montana_grizzlies.png
Montana State Bobcats,,,https://content.sportslogos.net/logos/32/760/thumbs/76067842013.gif,montana_state_bobcats.png
Morehead State Eagles,,,https://content.sportslogos.net/logos/32/761/thumbs/zng9glckiae3v89gjeh9.gif,morehead_state_eagles.png
Morgan State Bears,,,https://content.sportslogos.net/logos/32/762/thumbs/76291222002.gif,morgan_state_bears.png
Mount St. Mary's Mountaineers,,,https://content.sportslogos.net/logos/32/763/thumbs/76311752016.gif,mount_st_mary's_mountaineers.png
Murray State Racers,,,https://content.sportslogos.net/logos/32/764/thumbs/76497402014.gif,murray_state_racers.png
NC State Wolfpack,,,https://content.sportslogos.net/logos/33/777/thumbs/77724982023.gif,nc_state_wolfpack.png
NJIT Highlanders,,,https://content.sportslogos.net/logos/33/2605/thumbs/2vggzg8fholnbv4umcp5h1459.gif,njit_highlanders.png
Navy Midshipmen,,,https://content.sportslogos.net/logos/33/765/thumbs/76534162014.gif,navy_midshipmen.png
Nebraska Cornhuskers,,,https://content.sportslogos.net/logos/33/766/thumbs/76695821993.gif,nebraska_cornhuskers.png
Nevada Wolf Pack,,,https://content.sportslogos.net/logos/33/767/thumbs/76769931979.gif,nevada_wolf_pack.png
New Hampshire Wildcats,,,https://content.sportslogos.net/logos/33/768/thumbs/76896352021.gif,new_hampshire_wildcats.png
New Haven Chargers,,,https://sportslogohistory.com/wp-content/uploads/2025/07/new_haven_chargers_1962-1983.png,new_haven_chargers.png
New Mexico Lobos,,,https://content.sportslogos.net/logos/33/769/thumbs/new_mexico_lobos_logo_primary_2023sportslogosnet1811.gif,new_mexico_lobos.png
New Mexico State Aggies,,,https://content.sportslogos.net/logos/33/770/thumbs/77014442013.gif,new_mexico_state_aggies.png
New Orleans Privateers,,,https://content.sportslogos.net/logos/33/771/thumbs/77114872013.gif,new_orleans_privateers.png
Niagara Purple Eagles,,,https://content.sportslogos.net/logos/33/772/thumbs/oi5inigc39oafmcd7f3fb7bhf.gif,niagara_purple_eagles.png
Nicholls Colonels,,,https://content.sportslogos.net/logos/33/773/thumbs/77383072009.gif,nicholls_colonels.png
Norfolk State Spartans,,,https://content.sportslogos.net/logos/33/774/thumbs/7064.gif,norfolk_state_spartans.png
North Alabama Lions,,,https://content.sportslogos.net/logos/33/4754/thumbs/475488292022.gif,north_alabama_lions.png
North Carolina A&T Aggies,,,https://content.sportslogos.net/logos/33/776/thumbs/77612492006.gif,north_carolina_a&t_aggies.png
North Carolina Central Eagles,,,https://content.sportslogos.net/logos/33/5020/thumbs/502068932006.gif,north_carolina_central_eagles.png
North Carolina Tar Heels,,,https://content.sportslogos.net/logos/33/775/thumbs/77515392015.gif,north_carolina_tar_heels.png
North Dakota Fighting Hawks,,,https://content.sportslogos.net/logos/33/2607/thumbs/260726942016.gif,north_dakota_fighting_hawks.png
North Dakota State Bison,,,https://content.sportslogos.net/logos/33/781/thumbs/ffvn0mdlghiy8hegag754ji2l.gif,north_dakota_state_bison.png
North Florida Ospreys,,,https://content.sportslogos.net/logos/35/4947/thumbs/unf_ospreys_logo_secondary_2005sportslogosnet9796.gif,north_florida_ospreys.png
North Texas Mean Green,,,https://content.sportslogos.net/logos/33/782/thumbs/78251582005.gif,north_texas_mean_green.png
Northeastern Huskies,,,https://content.sportslogos.net/logos/33/783/thumbs/78313802018.gif,northeastern_huskies.png
Northern Arizona Lumberjacks,,,https://content.sportslogos.net/logos/33/784/full/northern_arizona_lumberjacks_logo_alternate_1978_sportslogosnet-6209.png,northern_arizona_lumberjacks.png
Northern Colorado Bears,,,https://content.sportslogos.net/logos/33/4954/full/northern_colorado_bears_logo_primary_1980_sportslogosnet-7839.png,northern_colorado_bears.png
Northern Illinois Huskies,,,https://content.sportslogos.net/logos/33/785/full/northern_illinois_huskies_logo_primary_1968_sportslogosnet-2958.png,northern_illinois_huskies.png
Northern Iowa Panthers,,,https://content.sportslogos.net/logos/33/786/thumbs/78616812021.gif,northern_iowa_panthers.png
Northern Kentucky Norse,,,https://content.sportslogos.net/logos/33/5047/thumbs/504775551971.gif,northern_kentucky_norse.png
Northwestern State Demons,,,https://content.sportslogos.net/logos/33/788/thumbs/78886022008.gif,northwestern_state_demons.png
Northwestern Wildcats,,,https://content.sportslogos.net/logos/33/787/thumbs/78743791981.gif,northwestern_wildcats.png
Notre Dame Fighting Irish,,,https://content.sportslogos.net/logos/33/789/thumbs/2554.gif,notre_dame_fighting_irish.png
Oakland Golden Grizzlies,,,https://content.sportslogos.net/logos/33/790/thumbs/79014052021.gif,oakland_golden_grizzlies.png
Ohio Bobcats,,,https://content.sportslogos.net/logos/33/792/thumbs/79296812011.gif,ohio_bobcats.png
Ohio State Buckeyes,,,https://content.sportslogos.net/logos/33/791/thumbs/2ljfrxdhjejmccpdr5ccycxi2.gif,ohio_state_buckeyes.png
Oklahoma Sooners,,,https://content.sportslogos.net/logos/33/793/thumbs/79328022018.gif,oklahoma_sooners.png
Oklahoma State Cowboys,,,https://content.sportslogos.net/logos/33/794/thumbs/79434890.gif,oklahoma_state_cowboys.png
Old Dominion Monarchs,,,https://content.sportslogos.net/logos/33/795/thumbs/79563151974.gif,old_dominion_monarchs.png
Ole Miss Rebels,,,https://content.sportslogos.net/logos/32/754/thumbs/75416092020.gif,ole_miss_rebels.png
Omaha Mavericks,,,https://content.sportslogos.net/logos/33/5049/thumbs/504963202011.gif,omaha_mavericks.png
Oral Roberts Golden Eagles,,,https://content.sportslogos.net/logos/33/796/thumbs/79632282017.gif,oral_roberts_golden_eagles.png
Oregon Ducks,,,https://content.sportslogos.net/logos/33/797/thumbs/ehrrx1qjof2owakh79jq.gif,oregon_ducks.png
Oregon State Beavers,,,https://content.sportslogos.net/logos/33/798/thumbs/79813572013.gif,oregon_state_beavers.png
Pacific Tigers,,,https://content.sportslogos.net/logos/33/799/thumbs/79930331999.gif,pacific_tigers.png
Penn State Nittany Lions,,,https://content.sportslogos.net/logos/33/801/thumbs/6g3sx3a2zxgt5z2vb10g.gif,penn_state_nittany_lions.png
Pennsylvania Quakers,,,https://content.sportslogos.net/logos/33/800/full/penn_quakers_logo_primary_2017_sportslogosnet-5520.png,pennsylvania_quakers.png
Pepperdine Waves,,,https://content.sportslogos.net/logos/33/802/thumbs/pepperdine_waves_logo_primary_2022sportslogosnet6612.gif,pepperdine_waves.png
Pittsburgh Panthers,,,https://content.sportslogos.net/logos/33/803/thumbs/80325501987.gif,pittsburgh_panthers.png
Portland Pilots,,,https://content.sportslogos.net/logos/33/804/thumbs/80499602014.gif,portland_pilots.png
Portland State Vikings,,,https://content.sportslogos.net/logos/33/805/thumbs/80572112016.gif,portland_state_vikings.png
Prairie View A&M Panthers,,,https://content.sportslogos.net/logos/33/806/full/7569_prairie_view_a&m_panthers-partial-2011.png,prairie_view_a&m_panthers.png
Presbyterian Blue Hose,,,https://content.sportslogos.net/logos/33/5053/thumbs/505380632013.gif,presbyterian_blue_hose.png
Princeton Tigers,,,https://content.sportslogos.net/logos/33/807/thumbs/4g0k10eeht09gbiaklzg49ah9.gif,princeton_tigers.png
Providence Friars,,,https://content.sportslogos.net/logos/33/808/thumbs/4689.gif,providence_friars.png
Purdue Boilermakers,#CEB888,#000000,https://content.sportslogos.net/logos/33/809/thumbs/v09xq9u6a1vi6k0xz1ku.gif,purdue_boilermakers.png
Purdue Fort Wayne Mastodons,,,https://content.sportslogos.net/logos/33/6619/full/2962_purdue_fort_wayne__mastodons-primary-2018.png,purdue_fort_wayne_mastodons.png
Quinnipiac Bobcats,,,https://content.sportslogos.net/logos/33/810/thumbs/81044412019.gif,quinnipiac_bobcats.png
Radford Highlanders,,,https://content.sportslogos.net/logos/33/811/thumbs/81132852016.gif,radford_highlanders.png
Rhode Island Rams,,,https://content.sportslogos.net/logos/33/812/thumbs/81261122010.gif,rhode_island_rams.png
Rice Owls,,,https://content.sportslogos.net/logos/33/813/thumbs/81318432017.gif,rice_owls.png
Richmond Spiders,,,https://content.sportslogos.net/logos/33/814/thumbs/2588.gif,richmond_spiders.png
Rider Broncs,,,https://content.sportslogos.net/logos/33/815/thumbs/81582702014.gif,rider_broncs.png
Robert Morris Colonials,,,https://content.sportslogos.net/logos/33/816/thumbs/81635182006.gif,robert_morris_colonials.png
Rutgers Scarlet Knights,,,https://content.sportslogos.net/logos/33/817/thumbs/81719741972.gif,rutgers_scarlet_knights.png
SE Louisiana Lions,,,https://content.sportslogos.net/logos/34/839/thumbs/83928151990.gif,se_louisiana_lions.png
SIU Edwardsville Cougars,,,https://content.sportslogos.net/logos/34/5051/thumbs/505128781973.gif,siu_edwardsville_cougars.png
SMU Mustangs,,,https://content.sportslogos.net/logos/34/842/thumbs/84293962008.gif,smu_mustangs.png
Sacramento State Hornets,,,https://content.sportslogos.net/logos/30/629/full/s7phys5wt0qfe8gh25gt.png,sacramento_state_hornets.png
Sacred Heart Pioneers,,,https://content.sportslogos.net/logos/34/820/thumbs/82094932014.gif,sacred_heart_pioneers.png
Saint Francis Red Flash,,,https://content.sportslogos.net/logos/34/821/thumbs/xhfb70lmgwrk1n8ossf0.gif,saint_francis_red_flash.png
Saint Joseph's Hawks,,,https://content.sportslogos.net/logos/34/851/thumbs/st-josephs-hawks-logo-primary-2017-4106-thumb.png,saint_joseph's_hawks.png
Saint Louis Billikens,,,https://content.sportslogos.net/logos/34/822/thumbs/82223401988.gif,saint_louis_billikens.png
Saint Mary's Gaels,,,https://content.sportslogos.net/logos/34/852/thumbs/mfhe5ysvfgzgt0wxt8hcz89pv.gif,saint_mary's_gaels.png
Saint Peter's Peacocks,,,https://content.sportslogos.net/logos/34/853/thumbs/85395302020.gif,saint_peter's_peacocks.png
Sam Houston Bearkats,,,https://content.sportslogos.net/logos/34/823/thumbs/82378332020.gif,sam_houston_bearkats.png
Samford Bulldogs,,,https://content.sportslogos.net/logos/34/824/thumbs/82471912016.gif,samford_bulldogs.png
San Diego State Aztecs,,,https://content.sportslogos.net/logos/34/826/thumbs/82676662013.gif,san_diego_state_aztecs.png
San Diego Toreros,,,https://content.sportslogos.net/logos/34/825/thumbs/pgce21ggr3hq4fvw2gxg.gif,san_diego_toreros.png
San Francisco Dons,,,https://content.sportslogos.net/logos/34/827/thumbs/82797622012.gif,san_francisco_dons.png
San José State Spartans,,,https://content.sportslogos.net/logos/34/828/full/san_jose_state_spartans_logo_primary_2018_sportslogosnet-7512.png,san_josé_state_spartans.png
Santa Clara Broncos,,,https://content.sportslogos.net/logos/34/829/thumbs/33glwjeofid0p18dwehy.gif,santa_clara_broncos.png
Seattle U Redhawks,,,https://content.sportslogos.net/logos/34/5052/thumbs/505215032008.gif,seattle_u_redhawks.png
Seton Hall Pirates,,,https://a.espncdn.com/i/teamlogos/ncaa/500/2550.png,seton_hall_pirates.png
Siena Saints,,,https://content.sportslogos.net/logos/34/832/thumbs/3336kgxl1jzfvrzh423fldmyo.gif,siena_saints.png
South Alabama Jaguars,,,https://content.sportslogos.net/logos/34/833/thumbs/south-alabama-jaguars-secondary-logo-2008-4949-thumb.png,south_alabama_jaguars.png
South Carolina Gamecocks,,,https://content.sportslogos.net/logos/34/834/thumbs/83459292008.gif,south_carolina_gamecocks.png
South Carolina State Bulldogs,,,https://content.sportslogos.net/logos/34/835/thumbs/83565612002.gif,south_carolina_state_bulldogs.png
South Carolina Upstate Spartans,,,https://content.sportslogos.net/logos/35/4948/thumbs/494833572021.gif,south_carolina_upstate_spartans.png
South Dakota Coyotes,,,https://content.sportslogos.net/logos/34/5037/thumbs/503737322011.gif,south_dakota_coyotes.png
South Dakota State Jackrabbits,,,https://content.sportslogos.net/logos/34/836/thumbs/83616602008.gif,south_dakota_state_jackrabbits.png
South Florida Bulls,,,https://content.sportslogos.net/logos/34/837/thumbs/83797931962.gif,south_florida_bulls.png
Southeast Missouri State Redhawks,,,https://content.sportslogos.net/logos/34/838/thumbs/83824612018.gif,southeast_missouri_state_redhawks.png
Southern Illinois Salukis,,,https://content.sportslogos.net/logos/34/841/thumbs/84134702019.gif,southern_illinois_salukis.png
Southern Jaguars,,,https://content.sportslogos.net/logos/34/845/thumbs/84570962016.gif,southern_jaguars.png
Southern Miss Golden Eagles,,,https://content.sportslogos.net/logos/34/843/thumbs/84312622015.gif,southern_miss_golden_eagles.png
Southern Utah Thunderbirds,,,https://content.sportslogos.net/logos/34/844/thumbs/southern-utah-thunderbirds-logo-primary-2021-84496882021-thumb.png,southern_utah_thunderbirds.png
St. Bonaventure Bonnies,,,https://content.sportslogos.net/logos/34/848/full/st_bonaventure_bonnies_logo_primary_19929497.png,st_bonaventure_bonnies.png
St. John's Red Storm,,,https://content.sportslogos.net/logos/34/850/full/st_johns_red_storm_logo_primary_2015_sportslogosnet-3920.png,st_john's_red_storm.png
St. Thomas-Minnesota Tommies,,,https://content.sportslogos.net/logos/34/6817/thumbs/681754102009.gif,st_thomas-minnesota_tommies.png
Stanford Cardinal,,,https://content.sportslogos.net/logos/34/854/thumbs/2642.gif,stanford_cardinal.png
Stephen F. Austin Lumberjacks,,,https://content.sportslogos.net/logos/34/856/thumbs/85674712020.gif,stephen_f_austin_lumberjacks.png
Stetson Hatters,,,https://content.sportslogos.net/logos/34/857/thumbs/85771282018.gif,stetson_hatters.png
Stonehill Skyhawks,,,https://content.sportslogos.net/logos/34/6861/thumbs/686110652017.gif,stonehill_skyhawks.png
Stony Brook Seawolves,,,https://content.sportslogos.net/logos/34/858/thumbs/2647.gif,stony_brook_seawolves.png
Syracuse Orange,,,https://content.sportslogos.net/logos/34/859/thumbs/ghhy5onlo6qjjyc98hcb.gif,syracuse_orange.png
TCU Horned Frogs,,,https://content.sportslogos.net/logos/34/868/thumbs/2658.gif,tcu_horned_frogs.png
Tarleton State Texans,,,https://content.sportslogos.net/logos/34/6818/thumbs/681862662018.gif,tarleton_state_texans.png
Temple Owls,,,https://content.sportslogos.net/logos/34/860/thumbs/86023641972.gif,temple_owls.png
Tennessee State Tigers,,,https://content.sportslogos.net/logos/34/862/thumbs/86260912021.gif,tennessee_state_tigers.png
Tennessee Tech Golden Eagles,,,https://content.sportslogos.net/logos/34/863/thumbs/npb9g7ehht8te65t5srexfgcd.gif,tennessee_tech_golden_eagles.png
Tennessee Volunteers,#FF8200,#FFFFFF,https://a.espncdn.com/i/teamlogos/ncaa/500/2633.png,tennessee_volunteers.png
Texas A&M Aggies,,,https://content.sportslogos.net/logos/34/866/thumbs/2pso60u3erfz36s5svwgrr3ov.gif,texas_a&m_aggies.png
Texas A&M-Corpus Christi Islanders,,,https://content.sportslogos.net/logos/34/867/thumbs/86725822022.gif,texas_a&m-corpus_christi_islanders.png
Texas Longhorns,,,https://content.sportslogos.net/logos/34/865/thumbs/86561462019.gif,texas_longhorns.png
Texas Southern Tigers,,,https://content.sportslogos.net/logos/34/869/thumbs/86942892018.gif,texas_southern_tigers.png
Texas State Bobcats,,,https://content.sportslogos.net/logos/34/847/full/texas_state_bobcats_logo_alternate_20038961.png,texas_state_bobcats.png
Texas Tech Red Raiders,#CC0000,#000000,https://content.sportslogos.net/logos/34/870/thumbs/4661.gif,texas_tech_red_raiders.png
The Citadel Bulldogs,,,https://content.sportslogos.net/logos/34/873/thumbs/87350370.gif,the_citadel_bulldogs.png
Toledo Rockets,,,https://content.sportslogos.net/logos/34/874/thumbs/87473482019.gif,toledo_rockets.png
Towson Tigers,,,https://content.sportslogos.net/logos/34/875/thumbs/87538812011.gif,towson_tigers.png
Troy Trojans,,,https://content.sportslogos.net/logos/34/876/thumbs/87610792016.gif,troy_trojans.png
Tulane Green Wave,,,https://content.sportslogos.net/logos/34/877/thumbs/87794352017.gif,tulane_green_wave.png
Tulsa Golden Hurricane,,,https://content.sportslogos.net/logos/34/878/thumbs/87844742021.gif,tulsa_golden_hurricane.png
UAB Blazers,,,https://content.sportslogos.net/logos/35/879/thumbs/87915182015.gif,uab_blazers.png
UAlbany Great Danes,,,https://content.sportslogos.net/logos/30/818/full/albany_great_danes_logo_primary_2023sportslogosnet3964.png,ualbany_great_danes.png
UC Davis Aggies,,,https://content.sportslogos.net/logos/30/1831/thumbs/183113762013.gif,uc_davis_aggies.png
UC Irvine Anteaters,,,https://content.sportslogos.net/logos/30/880/full/2361_california-irvine_anteaters-primary-2014.png,uc_irvine_anteaters.png
UC Riverside Highlanders,,,https://content.sportslogos.net/logos/30/881/full/2599_california_riverside_highlanders-alternate-2020.png,uc_riverside_highlanders.png
UC San Diego Tritons,,,https://content.sportslogos.net/logos/35/6819/thumbs/681967612018.gif,uc_san_diego_tritons.png
UC Santa Barbara Gauchos,,,https://content.sportslogos.net/logos/35/883/thumbs/88353622010.gif,uc_santa_barbara_gauchos.png
UCF Knights,,,https://content.sportslogos.net/logos/30/635/full/central_florida_knights_logo_primary_2017_sportslogosnet-4865.png,ucf_knights.png
UCLA Bruins,,,https://content.sportslogos.net/logos/35/882/thumbs/88235721973.gif,ucla_bruins.png
UConn Huskies,#0C2340,#FFFFFF,https://assets.change.org/photos/4/nd/lt/cKnDlTUuFGmoNKX-800x450-noPad.jpg?1569816784,uconn_huskies.png
UIC Flames,,,https://content.sportslogos.net/logos/32/708/thumbs/70859032008.gif,uic_flames.png
UL Monroe Warhawks,,,https://content.sportslogos.net/logos/32/733/thumbs/2673.gif,ul_monroe_warhawks.png
UMBC Retrievers,,,https://content.sportslogos.net/logos/35/885/thumbs/88553842010.gif,umbc_retrievers.png
UMass Lowell River Hawks,,,https://content.sportslogos.net/logos/35/5023/thumbs/502335682016.gif,umass_lowell_river_hawks.png
UNC Asheville Bulldogs,,,https://content.sportslogos.net/logos/33/778/full/north_carolina/asheville_bulldogs_logo_primary_19895105.png,unc_asheville_bulldogs.png
UNC Greensboro Spartans,,,https://content.sportslogos.net/logos/33/779/thumbs/nc-greensboro_spartans_logo_primary_2018sportslogosnet1876.gif,unc_greensboro_spartans.png
UNC Wilmington Seahawks,,,https://content.sportslogos.net/logos/33/780/thumbs/78066842015.gif,unc_wilmington_seahawks.png
UNLV Rebels,,,https://content.sportslogos.net/logos/35/888/thumbs/88846242006.gif,unlv_rebels.png
USC Trojans,,,https://content.sportslogos.net/logos/34/840/thumbs/84098311993.gif,usc_trojans.png
UT Arlington Mavericks,,,https://content.sportslogos.net/logos/34/871/thumbs/87176432010.gif,ut_arlington_mavericks.png
UT Martin Skyhawks,,,https://content.sportslogos.net/logos/34/864/thumbs/86499892021.gif,ut_martin_skyhawks.png
UT Rio Grande Valley Vaqueros,,,https://content.sportslogos.net/logos/35/5639/thumbs/563996352015.gif,ut_rio_grande_valley_vaqueros.png
UTEP Miners,,,https://content.sportslogos.net/logos/35/889/full/3779_utep_miners-mascot-1992.png,utep_miners.png
UTSA Roadrunners,,,https://content.sportslogos.net/logos/34/890/thumbs/89071932022.gif,utsa_roadrunners.png
Utah State Aggies,,,https://content.sportslogos.net/logos/35/893/thumbs/89352172019.gif,utah_state_aggies.png
Utah Tech Trailblazers,,,https://content.sportslogos.net/logos/35/6866/thumbs/686647962022.gif,utah_tech_trailblazers.png
Utah Utes,,,https://content.sportslogos.net/logos/35/892/thumbs/89233382001.gif,utah_utes.png
Utah Valley Wolverines,,,https://content.sportslogos.net/logos/35/2606/thumbs/utah-valley-wolverines-logo-primary-dark-2024-260655622024-thumb.png,utah_valley_wolverines.png
VCU Rams,,,https://content.sportslogos.net/logos/35/899/thumbs/89973792014.gif,vcu_rams.png
VMI Keydets,,,https://content.sportslogos.net/logos/35/900/thumbs/vmi-keydets-logo-primary-2016-90057832016-thumb.png,vmi_keydets.png
Valparaiso Beacons,,,https://content.sportslogos.net/logos/35/6820/thumbs/682018152021.gif,valparaiso_beacons.png
Vanderbilt Commodores,,,https://content.sportslogos.net/logos/35/895/thumbs/vanderbilt-commodores-wordmark-logo-2025-89536482025-thumb.png,vanderbilt_commodores.png
Vermont Catamounts,,,https://content.sportslogos.net/logos/35/896/thumbs/vermont-catamounts-logo-primary-2024-89688082024-thumb.png,vermont_catamounts.png
Villanova Wildcats,,,https://content.sportslogos.net/logos/35/897/thumbs/89773581991.gif,villanova_wildcats.png
Virginia Cavaliers,,,https://content.sportslogos.net/logos/35/898/thumbs/7135.gif,virginia_cavaliers.png
Virginia Tech Hokies,,,https://content.sportslogos.net/logos/35/901/thumbs/gabem67h4rb7golayyr7qsole.gif,virginia_tech_hokies.png
Wagner Seahawks,,,https://content.sportslogos.net/logos/35/902/thumbs/90228202008.gif,wagner_seahawks.png
Wake Forest Demon Deacons,,,https://content.sportslogos.net/logos/35/903/thumbs/90341172007.gif,wake_forest_demon_deacons.png
Washington Huskies,,,https://content.sportslogos.net/logos/35/904/thumbs/90432902016.gif,washington_huskies.png
Washington State Cougars,,,https://content.sportslogos.net/logos/35/905/thumbs/2724.gif,washington_state_cougars.png
Weber State Wildcats,,,https://content.sportslogos.net/logos/35/906/thumbs/90666342012.gif,weber_state_wildcats.png
West Georgia Wolves,,,https://a.espncdn.com/guid/625cccb7-9ef0-3bc2-baef-09ce6d90f05e/logos/primary_logo_on_black_color.png,west_georgia_wolves.png
West Virginia Mountaineers,,,https://content.sportslogos.net/logos/35/907/thumbs/90726501980.gif,west_virginia_mountaineers.png
Western Carolina Catamounts,,,https://content.sportslogos.net/logos/35/2724/thumbs/272498192018.gif,western_carolina_catamounts.png
Western Illinois Leathernecks,,,https://content.sportslogos.net/logos/35/908/thumbs/h3rh43oesb61vxuwvjir56muf.gif,western_illinois_leathernecks.png
Western Kentucky Hilltoppers,,,https://content.sportslogos.net/logos/35/909/thumbs/90950671971.gif,western_kentucky_hilltoppers.png
Western Michigan Broncos,,,https://content.sportslogos.net/logos/35/910/thumbs/ix0ygbhqbrutf2c9u2fx.gif,western_michigan_broncos.png
Wichita State Shockers,,,https://content.sportslogos.net/logos/35/911/thumbs/91145502006.gif,wichita_state_shockers.png
William & Mary Tribe,,,https://content.sportslogos.net/logos/35/912/thumbs/oi73zum2efx27hv3s57n.gif,william_&_mary_tribe.png
Winthrop Eagles,,,https://content.sportslogos.net/logos/35/913/thumbs/91363522020.gif,winthrop_eagles.png
Wisconsin Badgers,,,https://content.sportslogos.net/logos/35/914/thumbs/91436912017.gif,wisconsin_badgers.png
Wofford Terriers,,,https://content.sportslogos.net/logos/35/916/thumbs/m81425lege7348e73vtt.gif,wofford_terriers.png
Wright State Raiders,,,https://content.sportslogos.net/logos/35/917/thumbs/91757032017.gif,wright_state_raiders.png
Wyoming Cowboys,,,https://content.sportslogos.net/logos/35/918/thumbs/91814292024.gif,wyoming_cowboys.png
Xavier Musketeers,,,https://content.sportslogos.net/logos/35/919/thumbs/91911981983.gif,xavier_musketeers.png
Yale Bulldogs,,,https://content.sportslogos.net/logos/35/920/thumbs/92041320.gif,yale_bulldogs.png
Youngstown State Penguins,,,https://content.sportslogos.net/logos/35/921/thumbs/92182221993.gif,youngstown_state_penguins.png